total_snapshots,t_final,t_shadow,t_phys_critical,lead_time,max_shadow_rms,max_omega_finite
51,0.10000000000000184,,0.04000000000000012,,16647075135488.0,1.1343788823266982e+120
